title,paper_book,ebook
패밀리 레스토랑 가자(상),O,X
불변의 법칙,O,X
일류의 조건,O,X
양수인간: 삶의 격을 높이는 내면 변화 심리학,O,X
시대예보: 핵개인의 시대(10만 부 기념 스페셜 에디션),O,X
모순,O,X
벼랑 끝이지만 아직 떨어지진 않았어,O,X
알사탕 제조법,O,X
찌그러져도 동그라미입니다,O,O
무엇이 나를 행복하게 만드는가,O,O
돈의 심리학(30만 부 기념 스페셜 에디션),O,X
나는 메트로폴리탄 미술관의 경비원입니다,O,O
케이크 먹고 헬스하고 영화 보면 기분이 나아질 줄 알았다,O,O
나를 소모하지 않는 현명한 태도에 관하여,O,X
홍보의 신,O,X
과학혁명의 구조,O,X
어차피 남들은 나에게 관심이 없다,O,O
마흔에 읽는 쇼펜하우어,O,O
ETS 토익 정기시험 기출문제집 1000 Vol 4 RC(리딩),O,X
별의 커비 푸푸푸 히어로 3: 푸푸푸랜드 최대의 사건!,O,X
ETS 토익 정기시험 기출문제집 1000 Vol 4 LC(리스닝),O,X
요즘 역사: 근대,O,O
삶을 견디는 기쁨,O,O
위풍당당 여우 꼬리 5: 별빛 가득 기적의 무대,O,X
타키 포오 얼렁뚱땅 상식스쿨 3,O,X
이처럼 사소한 것들,O,X
예약판매 가라오케 가자!,O,X
열혈강호 90,O,X
지적인 어른을 위한 최소한의 교양수업,O,X
깨진 틈이 있어야 그 사이로 빛이 들어온다,O,O
세이노의 가르침,O,X
당신은 결국 무엇이든 해내는 사람(10만 부 기념 특별 리커버 에디션),O,O
예약판매 비트코인 폭발적 상승에 올라타라,O,X
삼체 1: 삼체문제,O,O
"꽃길이 따로 있나, 내 삶이 꽃인 것을",O,X
디 에센셜: 프란츠 카프카(교보문고 특별판),O,X
쇼펜하우어 인생수업: 한 번뿐인 삶 이렇게 살아라,O,O
고층 입원실의 갱스터 할머니,O,X
일을 잘 맡기는 기술,O,X
예약판매 2024 제15회 젊은작가상 수상작품집,O,X
마법천자문 62: 앞으로를 서로 다짐하다! 약속,O,X
퓨처 셀프,O,X
물질의 세계,O,X
벚꽃 수영장,O,X
도둑맞은 집중력,O,X
다 하지 못한 말,O,X
처음부터 시작하는 주식투자 단타전략,O,X
겸손의 힘,O,X
데일 카네기 인간관계론(무삭제 완역본),O,O
코스모스,O,X
흔한남매의 흔한 호기심 11,O,X
당신들의 댄스 댄스,O,X
채사장의 지대넓얕 9: 세계의 탄생,O,X
빨간내복야코 맞춤법 절대 안 틀리는 책 1,O,X
해커스 토익 기출 VOCA(보카),O,X
영어필사 100일의 기적,O,X
흐르는 강물처럼,O,O
예약판매 도올 주역 계사전,O,X
좋아하기 때문에,O,X
아이는 무엇으로 자라는가,O,O
느리게 나이 드는 습관,O,X
돈의 속성(300쇄 리커버에디션),O,O
퍼스널 MBA(10주년 기념 증보판),O,X
물고기는 존재하지 않는다,O,O
비트코인 슈퍼 사이클,O,X
"만화 그리스 로마 신화 38: 아테네와 스파르타, 두 태양의 대결",O,X
무례한 친구가 생겼어요,O,X
보편의 단어,O,O
데일 카네기 자기관리론(국내최초 초판 무삭제 완역본),O,O
하루 한 장 나의 어휘력을 위한 필사 노트,O,X
사랑인 줄 알았는데 부정맥,O,X
오십에 읽는 손자병법,O,O
"2024 큰별쌤 최태성의 별별한국사 한국사능력검정시험 심화(1, 2, 3급)(상)",O,X
내가 알고 있는 걸 당신도 알게 된다면(리커버 에디션),O,X
원씽(The One Thing)(60만 부 기념 스페셜 에디션),O,X
생각이 너무 많은 어른들을 위한 심리학(10만 부 기념 스페셜 에디션),O,O
김재우의 영어회화 100,O,X
혼자일 수 없다면 나아갈 수 없다,O,O
흔한남매 이상한 나라의 고전 읽기 5,O,X
공부가 설렘이 되는 순간,O,O
철학은 날씨를 바꾼다,O,X
"2024 큰별쌤 최태성의 별별한국사 한국사능력검정시험 심화(1, 2, 3급)(하)",O,X
2024 헝그리스포츠 7일 완성 생활스포츠지도사 2급 필기,O,X
해커스 토익 RC Reading(리딩) 기본서,O,X
맡겨진 소녀,O,X
부자 아빠 가난한 아빠 1(20주년 특별 기념판),O,X
자본주의,O,O
불안,O,X
예약판매 나 혼자만 레벨업 10(만화),O,X
예약판매 차트 분석 바이블,O,X
강인함의 힘,O,X
파타,O,X
센세이셔널,O,X
나는 배당투자로 매일 스타벅스 커피를 공짜로 마신다,O,X
임신 출산 육아 대백과 최신개정판,O,X
총 균 쇠,O,X
내면소통,O,X
이은경쌤의 초등어휘일력 365,O,X
날개 환상통,O,X
나는 나의 스무 살을 가장 존중한다,O,X
